<PAMDataset>
  <Metadata domain="Esri">
    <MDI key="PyramidResamplingType">AVERAGE</MDI>
  </Metadata>
  <PAMRasterBand band="1">
    <Description>Band_1</Description>
    <Metadata domain="IMAGE_STRUCTURE">
      <MDI key="COMPRESSION">RLE</MDI>
    </Metadata>
    <Metadata>
      <MDI key="LAYER_TYPE">athematic</MDI>
      <MDI key="STATISTICS_EXCLUDEDVALUES">0</MDI>
      <MDI key="STATISTICS_HISTOBINVALUES">0|0|0|0|0|0|0|0|0|0|0|0|0|0|0|0|0|0|0|0|0|0|0|0|0|0|0|0|0|0|0|0|0|0|0|0|0|0|0|0|0|0|0|0|0|0|0|0|0|0|0|0|0|0|0|0|0|0|0|0|0|0|0|0|0|0|0|0|0|0|0|0|0|0|0|0|0|0|0|0|0|0|0|0|0|0|0|0|0|0|0|662047|0|0|0|0|12038|0|0|0|9460540|684|0|0|0|240572|151|0|0|0|14923|1325844|0|0|0|1910|4059|0|0|0|6947254|692987|0|0|0|16078|15276|0|0|0|5143333|631|0|0|0|217567|26|0|0|0|11402|0|0|0|0|313|0|0|0|0|0|0|0|0|0|0|0|0|0|0|0|0|0|0|0|0|0|0|0|0|0|0|0|0|0|0|0|0|0|0|0|0|0|0|0|0|0|0|0|0|0|176963|0|0|0|0|928|0|0|0|2372079|58|0|0|0|5611|55|0|0|0|460|0|0|0|0|138|0|0|0|0|0|0|0|0|0|0|0|0|0|0|0|0|0|0|0|0|0|0|0|0|0|0|0|0|0|0|0|0|0|0|0|0|0|0|0|0|0|0|0|0|0|0|0|0|0|0|0|0|0|0|0|0|0|0|0|0|0|0|0|0|0|0|0|0|0|0|0|0|0|0|0|80095|0|0|0|0|260|0|0|0|67603|19|0|0|0|239|30|0|0|0|10|0|0|0|0|31|</MDI>
      <MDI key="STATISTICS_HISTOMAX">315</MDI>
      <MDI key="STATISTICS_HISTOMIN">0</MDI>
      <MDI key="STATISTICS_HISTONUMBINS">316</MDI>
      <MDI key="STATISTICS_MAXIMUM">315</MDI>
      <MDI key="STATISTICS_MEAN">122.19452756884</MDI>
      <MDI key="STATISTICS_MEDIAN">120</MDI>
      <MDI key="STATISTICS_MINIMUM">91</MDI>
      <MDI key="STATISTICS_MODE">100</MDI>
      <MDI key="STATISTICS_SKIPFACTORX">1</MDI>
      <MDI key="STATISTICS_SKIPFACTORY">1</MDI>
      <MDI key="STATISTICS_STDDEV">30.541526317578</MDI>
    </Metadata>
  </PAMRasterBand>
</PAMDataset>
